Anarchism	Political ideologies	Social theories	Political culture	Anti-capitalism	Far-left politics	Anarchism	
Değnek	Villages by country	Regions of Turkey	Populated places in Turkey by province	
Queensland Conservatorium Griffith University	Universities by country	Entertainment in Australia	Australian capital cities	
Octagon Chapel, Liverpool	Churches	Buildings and structures in England by city	
Radha Mohan	People by status	People by ethnicity	People by ethnicity and occupation	Indian people	Film directors	
Thomas Craig (jurist)	Scottish society	Alumni by university or college in Europe	Poetry by nation or language	Scottish people by occupation	
Microsorum vieillardii	Plants	
Princess Augusta Sophia of the United Kingdom	British monarchy	European royal families	
Derek Thompson (baseball)	People by status	Minor league baseball players by team	Baseball players by team	Baseball in the United States by state	Major League Baseball	
Battle of the Coral Sea (film)	History of the United States	Entertainment in the United States	Military personnel	Works by type and year	Companies based in Los Angeles County, California	
Carvone	Qualia	Organic compounds	Hydrocarbons	
Red-tailed monkey	Catarrhini	Animals	Vertebrates by country	
2003 MAC Men's Basketball Tournament	Sports in the United States by city	College men's basketball seasons in the United States	
Louis Franchet d'Espèrey	French people	People by country and city	Military personnel by war	People by region in France	Military history of France	
Benjamin Tuke	Irish sportspeople	Rugby union teams	
Cornelis de Bie	Contents	European writers	People by country and city	Dead people	Alumni by university or college in Europe	Poets by nationality	Belgian people by occupation	
Washington State Legislature	State governments of the United States	State government in the United States	Bicameral legislatures	
Đàn đá	Natural materials	Asian music	Hornbostel-Sachs	
Issa (Senegalese singer)	Life	People by status	Alumni by university or college in the United States by state	People of African descent	Capitals in Africa	
William Johnston Tupper	Schools	Alumni by university or college in the United States	Canadian people by occupation	Heads of state of former countries	Canadian people by ethnic or national origin	Nova Scotia	Provincial and territorial capitals of Canada	
Saint Vincent Academy	Roman Catholic Church in the United States	Counties in the New York metropolitan area	High schools and secondary schools	
Bonkers (song)	Songs by artist	Industry in the United Kingdom	Works by decade	
Principal axis	
Thomas Jones (historian)	History of the United States by state	People from New York	People by city or town in England	Local government in New York	English colonization of the Americas	Wars of independence	
Show Us Your Tiddas!	Plays by nationality	
LOA	
The Last Days of the Late, Great State of California	California	California culture	Novels by genre	
Aladdin (1992 Golden Films film)	Folklore	20th century in the United States	Arts in the United States	Entertainment in the United States	Films by genre	
Alejandro Ibarra	People by status	States of Mexico	
Banbury	Local government in England by county	Towns in England by county	
Swimming at the 1992 Summer Olympics – Men's 100 metre breaststroke	Summer Olympics events by year	
Underdown	
Dreaming Lips	
Escrow	Legal documents	Jargon	Real estate	Finance	Personal finance	
Aída Álvarez	People by status	History of the United States government	Agencies of the United States government	American people by occupation	People by city in the United States	Alumni by university or college in the United States by state	American politicians	American politicians by state	Businesspeople by nationality	Journalists by nationality	
Mulberry High School	
Anaxagoras (disambiguation)	
Cretinism	Injustice	Endocrine, nutritional and metabolic diseases	Disability	
Nenad Petrović (chess composer)	Individual sports	Sportspeople by sport and nationality	
Construction Clients' Group	Building	
Gmina Osieczna, Pomeranian Voivodeship	Country subdivisions of Europe	Land counties of Poland	
Mikołaj Gomółka	People by city in Poland	Classical musicians	Polish people by occupation	
Academy at Central	Cities in the United States by state	
The Fourth Legacy	Heavy metal albums by genre	
Wonderful Shadow	Songs by artist	Products by company	Works by decade	
Kayentavenator	Megafauna	Fossils	
Jiang Qin	Life	Cities in China	
Ryukyu flying fox	Contents	Vertebrates by country	Species described in the 19th century	Eating behaviors	
Casili, Sorsogon	
Division of Coolgardie	States and territories of Australia	Constituencies	
